LINK;NOME
https://agenciasbanco.com.br/agencias/sp/cachoeira-paulista/centro/caixa-economica-federal/2003/;Caixa Econômica Federal Agência 2003 
https://agenciasbanco.com.br/agencias/sp/itabera/centro/banco-do-brasil/2145/;Banco do Brasil Agência 2145 
https://agenciasbanco.com.br/agencias/sp/itabera/centro/banco-santander/0263/;Banco Santander Agência 0263 
https://agenciasbanco.com.br/agencias/sp/botucatu/vila-real/itau-unibanco/5640/;Itaú Unibanco Agência 5640 
https://agenciasbanco.com.br/agencias/sp/itabera/centro/banco-bradesco/0164/;Banco Bradesco Agência 0164 
https://agenciasbanco.com.br/agencias/sp/capao-bonito/centro/caixa-economica-federal/1213/;Caixa Econômica Federal Agência 1213 
https://agenciasbanco.com.br/agencias/sp/cardoso/centro/banco-bradesco/0304/;Banco Bradesco Agência 0304 
https://agenciasbanco.com.br/agencias/sp/cachoeira-paulista/centro/banco-santander/0164/;Banco Santander Agência 0164 
https://agenciasbanco.com.br/agencias/sp/botucatu/vila-carmelo/banco-santander/0845/;Banco Santander Agência 0845 
https://agenciasbanco.com.br/agencias/sp/capao-bonito/centro/banco-hsbc/0170/;HSBC Agência 0170 
https://agenciasbanco.com.br/agencias/sp/cachoeira-paulista/centro/banco-bradesco/2040/;Banco Bradesco Agência 2040 
https://agenciasbanco.com.br/agencias/sp/catigua/centro/banco-santander/0520/;Banco Santander Agência 0520 
https://agenciasbanco.com.br/agencias/sp/capao-bonito/centro/itau-unibanco/3617/;Itaú Unibanco Agência 3617 
https://agenciasbanco.com.br/agencias/sp/cachoeira-paulista/centro/banco-do-brasil/3029/;Banco do Brasil Agência 3029 
https://agenciasbanco.com.br/agencias/ce/mombaca/centro/banco-do-nordeste/0113/;Banco do Nordeste Agência 0113 
https://agenciasbanco.com.br/agencias/ce/milagres/centro/banco-bradesco/0756/;Banco Bradesco Agência 0756 
https://agenciasbanco.com.br/agencias/ce/morada-nova/centro/banco-bradesco/5438/;Banco Bradesco Agência 5438 
https://agenciasbanco.com.br/agencias/ce/novo-oriente/centro/banco-bradesco/5441/;Banco Bradesco Agência 5441 
https://agenciasbanco.com.br/agencias/ce/missao-velha/centro/banco-do-brasil/2308/;Banco do Brasil Agência 2308 
https://agenciasbanco.com.br/agencias/ce/milagres/centro/banco-do-brasil/2300/;Banco do Brasil Agência 2300 
https://agenciasbanco.com.br/agencias/ce/mauriti/centro/banco-bradesco/0731/;Banco Bradesco Agência 0731 
https://agenciasbanco.com.br/agencias/ce/mauriti/centro/banco-do-brasil/4555/;Banco do Brasil Agência 4555 
https://agenciasbanco.com.br/agencias/ce/oros/centro/banco-do-brasil/0956/;Banco do Brasil Agência 0956 
https://agenciasbanco.com.br/agencias/ce/morada-nova/centro/banco-do-brasil/0863/;Banco do Brasil Agência 0863 
https://agenciasbanco.com.br/agencias/ce/morada-nova/centro/caixa-economica-federal/3134/;Caixa Econômica Federal Agência 3134 
https://agenciasbanco.com.br/agencias/ce/novo-oriente/centro/banco-do-brasil/1296/;Banco do Brasil Agência 1296 
https://agenciasbanco.com.br/agencias/ce/nova-russas/centro/banco-do-nordeste/0036/;Banco do Nordeste Agência 0036 
https://agenciasbanco.com.br/agencias/ce/marco/centro/banco-bradesco/5399/;Banco Bradesco Agência 5399 
https://agenciasbanco.com.br/agencias/ce/mauriti/centro/caixa-economica-federal/4406/;Caixa Econômica Federal Agência 4406 
https://agenciasbanco.com.br/agencias/ce/maracanau/jereissati-ii/itau-unibanco/7979/;Itaú Unibanco Agência 7979 
https://agenciasbanco.com.br/agencias/ce/marco/centro/banco-do-brasil/2273/;Banco do Brasil Agência 2273 
https://agenciasbanco.com.br/agencias/ce/lavras-da-mangabeira/centro/banco-do-nordeste/0072/;Banco do Nordeste Agência 0072 
https://agenciasbanco.com.br/agencias/ce/juazeiro-do-norte/triangulo/banco-do-brasil/1598/;Banco do Brasil Agência 1598 
https://agenciasbanco.com.br/agencias/ce/limoeiro-do-norte/centro/caixa-economica-federal/0750/;Caixa Econômica Federal Agência 0750 
https://agenciasbanco.com.br/agencias/ce/vicosa-do-ceara/centro/banco-do-nordeste/0268/;Banco do Nordeste Agência 0268 
https://agenciasbanco.com.br/agencias/sp/bernardino-de-campos/centro/banco-bradesco/2026/;Banco Bradesco Agência 2026 
https://agenciasbanco.com.br/agencias/pr/matinhos/centro/banco-do-brasil/3850/;Banco do Brasil Agência 3850 
https://agenciasbanco.com.br/agencias/mg/visconde-do-rio-branco/centro/caixa-economica-federal/0166/;Caixa Econômica Federal Agência 0166 
https://agenciasbanco.com.br/agencias/mg/visconde-do-rio-branco/centro/itau-unibanco/3107/;Itaú Unibanco Agência 3107 
https://agenciasbanco.com.br/agencias/mg/virginia/centro/caixa-economica-federal/0165/;Caixa Econômica Federal Agência 0165 
https://agenciasbanco.com.br/agencias/pr/matinhos/centro/caixa-economica-federal/3164/;Caixa Econômica Federal Agência 3164 
https://agenciasbanco.com.br/agencias/pr/matinhos/centro/itau-unibanco/3894/;Itaú Unibanco Agência 3894 
https://agenciasbanco.com.br/agencias/pr/morretes/centro/itau-unibanco/3794/;Itaú Unibanco Agência 3794 
https://agenciasbanco.com.br/agencias/sp/biritiba-mirim/centro/banco-do-brasil/1645/;Banco do Brasil Agência 1645 
https://agenciasbanco.com.br/agencias/ce/limoeiro-do-norte/centro/banco-bradesco/1781/;Banco Bradesco Agência 1781 
https://agenciasbanco.com.br/agencias/ce/vicosa-do-ceara/centro/banco-do-brasil/2773/;Banco do Brasil Agência 2773 
https://agenciasbanco.com.br/agencias/sp/botucatu/vila-do-lavrador/banco-santander/3422/;Banco Santander Agência 3422 
https://agenciasbanco.com.br/agencias/sp/biritiba-mirim/centro/banco-bradesco/5987/;Banco Bradesco Agência 5987 
https://agenciasbanco.com.br/agencias/ce/massape/centro/banco-bradesco/5415/;Banco Bradesco Agência 5415 
https://agenciasbanco.com.br/agencias/ce/lavras-da-mangabeira/centro/banco-do-brasil/0940/;Banco do Brasil Agência 0940 
https://agenciasbanco.com.br/agencias/ce/limoeiro-do-norte/centro/banco-do-nordeste/0030/;Banco do Nordeste Agência 0030 
https://agenciasbanco.com.br/agencias/pr/morretes/centro/caixa-economica-federal/0396/;Caixa Econômica Federal Agência 0396 
https://agenciasbanco.com.br/agencias/mg/visconde-do-rio-branco/centro/banco-bradesco/2527/;Banco Bradesco Agência 2527 
https://agenciasbanco.com.br/agencias/ce/marco/centro/caixa-economica-federal/3835/;Caixa Econômica Federal Agência 3835 
https://agenciasbanco.com.br/agencias/ce/limoeiro-do-norte/centro/banco-do-brasil/2253/;Banco do Brasil Agência 2253 
https://agenciasbanco.com.br/agencias/ce/maracanau/cidade-nova/itau-unibanco/9048/;Itaú Unibanco Agência 9048 
https://agenciasbanco.com.br/agencias/mg/visconde-do-rio-branco/centro/banco-do-brasil/0881/;Banco do Brasil Agência 0881 
https://agenciasbanco.com.br/agencias/ce/morrinhos/centro/banco-do-brasil/3956/;Banco do Brasil Agência 3956 
https://agenciasbanco.com.br/agencias/pr/matinhos/centro/banco-bradesco/2157/;Banco Bradesco Agência 2157 
https://agenciasbanco.com.br/agencias/ce/nova-russas/centro/banco-do-brasil/1409/;Banco do Brasil Agência 1409 
https://agenciasbanco.com.br/agencias/pr/maua-da-serra/centro/banco-bradesco/0871/;Banco Bradesco Agência 0871 
https://agenciasbanco.com.br/agencias/ce/lavras-da-mangabeira/centro/banco-bradesco/5396/;Banco Bradesco Agência 5396 
https://agenciasbanco.com.br/agencias/ce/vicosa-do-ceara/centro/banco-bradesco/0727/;Banco Bradesco Agência 0727 
https://agenciasbanco.com.br/agencias/ce/maracanau/cidade-nova/banco-santander/4470/;Banco Santander Agência 4470 
https://agenciasbanco.com.br/agencias/ce/jucas/centro/banco-do-brasil/2225/;Banco do Brasil Agência 2225 
https://agenciasbanco.com.br/agencias/ce/massape/centro/banco-do-brasil/2285/;Banco do Brasil Agência 2285 
https://agenciasbanco.com.br/agencias/pr/matinhos/centro/banco-hsbc/0051/;HSBC Agência 0051 
https://agenciasbanco.com.br/agencias/mg/virgolandia/centro/banco-do-brasil/4074/;Banco do Brasil Agência 4074 
https://agenciasbanco.com.br/agencias/ce/juazeiro-do-norte/franciscanos/caixa-economica-federal/3587/;Caixa Econômica Federal Agência 3587 
https://agenciasbanco.com.br/agencias/df/brasilia-sao-sebastiao/centro/brb/0148/;Banco de Brasilia Agência 0148 
https://agenciasbanco.com.br/agencias/ce/morrinhos/centro/banco-bradesco/5439/;Banco Bradesco Agência 5439 
https://agenciasbanco.com.br/agencias/ce/juazeiro-do-norte/piraja/banco-do-brasil/5989/;Banco do Brasil Agência 5989 
https://agenciasbanco.com.br/agencias/ce/missao-velha/centro/banco-bradesco/0757/;Banco Bradesco Agência 0757 
https://agenciasbanco.com.br/agencias/ce/juazeiro-do-norte/salesopolis/itau-unibanco/8477/;Itaú Unibanco Agência 8477 
https://agenciasbanco.com.br/agencias/pr/mandaguari/centro/banco-hsbc/0375/;HSBC Agência 0375 
https://agenciasbanco.com.br/agencias/df/brasilia-sudoeste-octogonal/setor-sudoeste-cruzeiro/brb/0066/;Banco de Brasilia Agência 0066 
https://agenciasbanco.com.br/agencias/ce/pacajus/centro/banco-do-nordeste/0227/;Banco do Nordeste Agência 0227 
https://agenciasbanco.com.br/agencias/ce/oros/centro/banco-bradesco/5442/;Banco Bradesco Agência 5442 
https://agenciasbanco.com.br/agencias/df/brasilia-taguatinga/setor-industrial/banco-bradesco/3859/;Banco Bradesco Agência 3859 
https://agenciasbanco.com.br/agencias/ce/pacajus/centro/banco-do-brasil/1105/;Banco do Brasil Agência 1105 
https://agenciasbanco.com.br/agencias/mg/virginopolis/centro/banco-do-brasil/2780/;Banco do Brasil Agência 2780 
https://agenciasbanco.com.br/agencias/pr/mandaguari/centro/banco-bradesco/0058/;Banco Bradesco Agência 0058 
https://agenciasbanco.com.br/agencias/pr/mandaguari/centro/banco-do-brasil/0360/;Banco do Brasil Agência 0360 
https://agenciasbanco.com.br/agencias/pr/mandaguari/centro/caixa-economica-federal/0969/;Caixa Econômica Federal Agência 0969 
https://agenciasbanco.com.br/agencias/df/brasilia-taguatinga/taguantinga-centro/caixa-economica-federal/0008/;Caixa Econômica Federal Agência 0008 
https://agenciasbanco.com.br/agencias/df/brasilia-taguatinga/sul-aguas-claras/banco-santander/4406/;Banco Santander Agência 4406 
https://agenciasbanco.com.br/agencias/sp/biritiba-mirim/centro/caixa-economica-federal/2023/;Caixa Econômica Federal Agência 2023 
https://agenciasbanco.com.br/agencias/df/brasilia-taguatinga/t-centro-taguatinga/banco-do-brasil/1022/;Banco do Brasil Agência 1022 
https://agenciasbanco.com.br/agencias/ce/nova-russas/centro/banco-bradesco/5440/;Banco Bradesco Agência 5440 
https://agenciasbanco.com.br/agencias/ce/mombaca/centro/banco-do-brasil/0758/;Banco do Brasil Agência 0758 
https://agenciasbanco.com.br/agencias/ce/pacajus/centro/itau-unibanco/6378/;Itaú Unibanco Agência 6378 
https://agenciasbanco.com.br/agencias/ce/pacajus/centro/caixa-economica-federal/2002/;Caixa Econômica Federal Agência 2002 
https://agenciasbanco.com.br/agencias/ce/mombaca/centro/banco-bradesco/0720/;Banco Bradesco Agência 0720 
https://agenciasbanco.com.br/agencias/sp/caieiras/laranjeiras/banco-bradesco/1255/;Banco Bradesco Agência 1255 
https://agenciasbanco.com.br/agencias/ce/jaguaruana/centro/banco-do-brasil/2201/;Banco do Brasil Agência 2201 
https://agenciasbanco.com.br/agencias/sp/cedral/centro/banco-do-brasil/6760/;Banco do Brasil Agência 6760 
https://agenciasbanco.com.br/agencias/ce/pacajus/centro/banco-bradesco/0765/;Banco Bradesco Agência 0765 
https://agenciasbanco.com.br/agencias/sp/cedral/centro/banco-santander/0274/;Banco Santander Agência 0274 
https://agenciasbanco.com.br/agencias/sp/caiua/centro/banco-santander/0462/;Banco Santander Agência 0462 
https://agenciasbanco.com.br/agencias/df/brasilia-sudoeste-octogonal/cruzeiro/brb/0067/;Banco de Brasilia Agência 0067 
https://agenciasbanco.com.br/agencias/df/brasilia-taguatinga/t-sul-taguatinga/banco-do-brasil/0826/;Banco do Brasil Agência 0826 
https://agenciasbanco.com.br/agencias/df/brasilia-taguatinga/taquatinga/banco-santander/3328/;Banco Santander Agência 3328 
https://agenciasbanco.com.br/agencias/df/brasilia-taguatinga/taguatinga-centro-taguatinga/itau-unibanco/0479/;Itaú Unibanco Agência 0479 
https://agenciasbanco.com.br/agencias/pr/mandaguari/centro/itau-unibanco/0111/;Itaú Unibanco Agência 0111 
https://agenciasbanco.com.br/agencias/pr/campo-mourao/centro/caixa-economica-federal/3847/;Caixa Econômica Federal Agência 3847 
https://agenciasbanco.com.br/agencias/pr/maripa/centro/banco-do-brasil/4639/;Banco do Brasil Agência 4639 
https://agenciasbanco.com.br/agencias/pr/campo-mourao/centro/caixa-economica-federal/0386/;Caixa Econômica Federal Agência 0386 
https://agenciasbanco.com.br/agencias/pr/campo-mourao/centro/banco-santander/1386/;Banco Santander Agência 1386 
https://agenciasbanco.com.br/agencias/pr/campo-mourao/centro/banco-santander/3589/;Banco Santander Agência 3589 
https://agenciasbanco.com.br/agencias/pr/campo-magro/centro/caixa-economica-federal/4538/;Caixa Econômica Federal Agência 4538 
https://agenciasbanco.com.br/agencias/pr/campo-magro/centro/banco-do-brasil/4120/;Banco do Brasil Agência 4120 
https://agenciasbanco.com.br/agencias/pr/campo-mourao/centro/itau-unibanco/0318/;Itaú Unibanco Agência 0318 
https://agenciasbanco.com.br/agencias/pr/campo-mourao/centro/banco-hsbc/0016/;HSBC Agência 0016 
https://agenciasbanco.com.br/agencias/pr/candido-de-abreu/centro/itau-unibanco/4031/;Itaú Unibanco Agência 4031 
https://agenciasbanco.com.br/agencias/df/brasilia-taguatinga/taguatinga-sul-taguatinga/brb/0134/;Banco de Brasilia Agência 0134 
https://agenciasbanco.com.br/agencias/ce/jaguaruana/centro/banco-bradesco/5395/;Banco Bradesco Agência 5395 
https://agenciasbanco.com.br/agencias/pr/campo-mourao/centro/banco-do-brasil/0406/;Banco do Brasil Agência 0406 
https://agenciasbanco.com.br/agencias/pr/campo-mourao/centro/banco-bradesco/0179/;Banco Bradesco Agência 0179 
https://agenciasbanco.com.br/agencias/pr/campo-mourao/centro/banco-do-brasil/8059/;Banco do Brasil Agência 8059 
https://agenciasbanco.com.br/agencias/sp/caieiras/laranjeiras/caixa-economica-federal/4494/;Caixa Econômica Federal Agência 4494 
https://agenciasbanco.com.br/agencias/pr/candido-de-abreu/centro/banco-do-brasil/1349/;Banco do Brasil Agência 1349 
https://agenciasbanco.com.br/agencias/df/brasilia-taguatinga/taguatinga/brb/0286/;Banco de Brasilia Agência 0286 
https://agenciasbanco.com.br/agencias/pr/marechal-candido-rondon/centro/itau-unibanco/2967/;Itaú Unibanco Agência 2967 
https://agenciasbanco.com.br/agencias/pr/marechal-candido-rondon/centro/banco-hsbc/0061/;HSBC Agência 0061 
https://agenciasbanco.com.br/agencias/pr/morretes/centro/banco-do-brasil/2327/;Banco do Brasil Agência 2327 
https://agenciasbanco.com.br/agencias/pr/mercedes/centro/banco-do-brasil/4008/;Banco do Brasil Agência 4008 
https://agenciasbanco.com.br/agencias/pr/marechal-candido-rondon/centro/banco-do-brasil/0859/;Banco do Brasil Agência 0859 
https://agenciasbanco.com.br/agencias/pr/matelandia/centro/itau-unibanco/3699/;Itaú Unibanco Agência 3699 
https://agenciasbanco.com.br/agencias/pr/marechal-candido-rondon/centro/banco-bradesco/3284/;Banco Bradesco Agência 3284 
https://agenciasbanco.com.br/agencias/pr/moreira-sales/centro/caixa-economica-federal/4603/;Caixa Econômica Federal Agência 4603 
https://agenciasbanco.com.br/agencias/pr/marechal-candido-rondon/centro/caixa-economica-federal/0968/;Caixa Econômica Federal Agência 0968 
https://agenciasbanco.com.br/agencias/pr/matelandia/centro/banco-hsbc/0115/;HSBC Agência 0115 
https://agenciasbanco.com.br/agencias/pr/matelandia/centro/banco-do-brasil/2287/;Banco do Brasil Agência 2287 
https://agenciasbanco.com.br/agencias/pr/morretes/centro/banco-bradesco/6065/;Banco Bradesco Agência 6065 
https://agenciasbanco.com.br/agencias/pr/marmeleiro/centro/caixa-economica-federal/1970/;Caixa Econômica Federal Agência 1970 
https://agenciasbanco.com.br/agencias/pr/moreira-sales/centro/banco-do-brasil/0580/;Banco do Brasil Agência 0580 
https://agenciasbanco.com.br/agencias/pr/matelandia/centro/banco-bradesco/5843/;Banco Bradesco Agência 5843 
https://agenciasbanco.com.br/agencias/pr/marmeleiro/centro/banco-do-brasil/2282/;Banco do Brasil Agência 2282 
https://agenciasbanco.com.br/agencias/pr/marmeleiro/centro/banco-bradesco/5842/;Banco Bradesco Agência 5842 
https://agenciasbanco.com.br/agencias/ce/juazeiro-do-norte/centro/itau-unibanco/7751/;Itaú Unibanco Agência 7751 
https://agenciasbanco.com.br/agencias/pr/missal/centro/banco-do-brasil/3744/;Banco do Brasil Agência 3744 
https://agenciasbanco.com.br/agencias/pr/medianeira/centro/banco-hsbc/0090/;HSBC Agência 0090 
https://agenciasbanco.com.br/agencias/pr/marmeleiro/centro/itau-unibanco/4044/;Itaú Unibanco Agência 4044 
https://agenciasbanco.com.br/agencias/ce/juazeiro-do-norte/centro/china-construction-bank/0005/;China Construction Bank Agência 0005 
https://agenciasbanco.com.br/agencias/ce/maranguape/centro/caixa-economica-federal/0751/;Caixa Econômica Federal Agência 0751 
https://agenciasbanco.com.br/agencias/ce/maracanau/centro/caixa-economica-federal/1961/;Caixa Econômica Federal Agência 1961 
https://agenciasbanco.com.br/agencias/sp/bertioga/jardim-paulista/banco-bradesco/2215/;Banco Bradesco Agência 2215 
https://agenciasbanco.com.br/agencias/sp/bernardino-de-campos/centro/banco-do-brasil/6639/;Banco do Brasil Agência 6639 
https://agenciasbanco.com.br/agencias/sp/bertioga/jd-paulista/banco-do-brasil/3970/;Banco do Brasil Agência 3970 
https://agenciasbanco.com.br/agencias/sp/bertioga/jd-paulista/banco-hsbc/1804/;HSBC Agência 1804 
https://agenciasbanco.com.br/agencias/ce/maracanau/distrito-industrial/caixa-economica-federal/3604/;Caixa Econômica Federal Agência 3604 
https://agenciasbanco.com.br/agencias/ce/maracanau/pajucara/banco-do-brasil/2879/;Banco do Brasil Agência 2879 
https://agenciasbanco.com.br/agencias/ce/maracanau/pajucara/banco-bradesco/2999/;Banco Bradesco Agência 2999 
https://agenciasbanco.com.br/agencias/ce/maracanau/centro/banco-do-brasil/3302/;Banco do Brasil Agência 3302 
https://agenciasbanco.com.br/agencias/ce/maracanau/pajucara/banco-do-nordeste/0186/;Banco do Nordeste Agência 0186 
https://agenciasbanco.com.br/agencias/ce/maracanau/centro/itau-unibanco/1640/;Itaú Unibanco Agência 1640 
https://agenciasbanco.com.br/agencias/sp/bernardino-de-campos/centro/banco-do-brasil/4635/;Banco do Brasil Agência 4635 
https://agenciasbanco.com.br/agencias/pr/candoi/centro/banco-bradesco/6053/;Banco Bradesco Agência 6053 
https://agenciasbanco.com.br/agencias/ce/maranguape/centro/banco-do-brasil/0481/;Banco do Brasil Agência 0481 
https://agenciasbanco.com.br/agencias/ce/maracanau/jereissate-1/banco-bradesco/0693/;Banco Bradesco Agência 0693 
https://agenciasbanco.com.br/agencias/ce/juazeiro-do-norte/centro/banco-do-nordeste/0029/;Banco do Nordeste Agência 0029 
https://agenciasbanco.com.br/agencias/sp/bilac/centro/banco-do-brasil/6790/;Banco do Brasil Agência 6790 
https://agenciasbanco.com.br/agencias/ce/maranguape/centro/banco-do-nordeste/0265/;Banco do Nordeste Agência 0265 
https://agenciasbanco.com.br/agencias/ce/juazeiro-do-norte/lagoa-seca/banco-do-nordeste/0297/;Banco do Nordeste Agência 0297 
https://agenciasbanco.com.br/agencias/ce/juazeiro-do-norte/centro/banco-do-brasil/0433/;Banco do Brasil Agência 0433 
https://agenciasbanco.com.br/agencias/ce/juazeiro-do-norte/centro/banco-bradesco/0692/;Banco Bradesco Agência 0692 
https://agenciasbanco.com.br/agencias/ce/juazeiro-do-norte/centro/banco-hsbc/0894/;HSBC Agência 0894 
https://agenciasbanco.com.br/agencias/sp/bilac/centro/banco-bradesco/0028/;Banco Bradesco Agência 0028 
https://agenciasbanco.com.br/agencias/ce/juazeiro-do-norte/centro/banco-bradesco/0456/;Banco Bradesco Agência 0456 
https://agenciasbanco.com.br/agencias/ce/maranguape/centro/banco-bradesco/1579/;Banco Bradesco Agência 1579 
https://agenciasbanco.com.br/agencias/sp/bertioga/vila-agao/caixa-economica-federal/2179/;Caixa Econômica Federal Agência 2179 
https://agenciasbanco.com.br/agencias/pr/medianeira/centro/caixa-economica-federal/0956/;Caixa Econômica Federal Agência 0956 
https://agenciasbanco.com.br/agencias/ce/juazeiro-do-norte/centro/caixa-economica-federal/0032/;Caixa Econômica Federal Agência 0032 
https://agenciasbanco.com.br/agencias/ce/jardim/centro/banco-do-brasil/2208/;Banco do Brasil Agência 2208 
https://agenciasbanco.com.br/agencias/pr/candoi/centro/banco-do-brasil/4095/;Banco do Brasil Agência 4095 
https://agenciasbanco.com.br/agencias/pr/miraselva/centro/itau-unibanco/5212/;Itaú Unibanco Agência 5212 
https://agenciasbanco.com.br/agencias/pr/medianeira/centro/banco-bradesco/1468/;Banco Bradesco Agência 1468 
https://agenciasbanco.com.br/agencias/sp/birigui/centro/banco-santander/3750/;Banco Santander Agência 3750 
https://agenciasbanco.com.br/agencias/sp/birigui/centro/banco-santander/0061/;Banco Santander Agência 0061 
https://agenciasbanco.com.br/agencias/sp/bocaina/centro/banco-santander/0169/;Banco Santander Agência 0169 
https://agenciasbanco.com.br/agencias/sp/bocaina/centro/banco-bradesco/1933/;Banco Bradesco Agência 1933 
https://agenciasbanco.com.br/agencias/sp/birigui/centro/banco-bradesco/3517/;Banco Bradesco Agência 3517 
https://agenciasbanco.com.br/agencias/sp/birigui/centro/itau-unibanco/0611/;Itaú Unibanco Agência 0611 
https://agenciasbanco.com.br/agencias/sp/birigui/centro/banco-bradesco/3992/;Banco Bradesco Agência 3992 
https://agenciasbanco.com.br/agencias/sp/buritama/centro/banco-santander/0146/;Banco Santander Agência 0146 
https://agenciasbanco.com.br/agencias/sp/birigui/centro/banco-hsbc/1139/;HSBC Agência 1139 
https://agenciasbanco.com.br/agencias/sp/birigui/centro/caixa-economica-federal/0574/;Caixa Econômica Federal Agência 0574 
https://agenciasbanco.com.br/agencias/sp/birigui/centro/banco-bradesco/0014/;Banco Bradesco Agência 0014 
https://agenciasbanco.com.br/agencias/sp/birigui/centro/banco-do-brasil/6594/;Banco do Brasil Agência 6594 
https://agenciasbanco.com.br/agencias/sp/birigui/centro/banco-do-brasil/4316/;Banco do Brasil Agência 4316 
https://agenciasbanco.com.br/agencias/sp/birigui/centro/banco-do-brasil/0348/;Banco do Brasil Agência 0348 
https://agenciasbanco.com.br/agencias/sp/buritama/centro/caixa-economica-federal/4243/;Caixa Econômica Federal Agência 4243 
https://agenciasbanco.com.br/agencias/sp/birigui/centro/banco-mercantil/0143/;Banco Mercantil Agência 0143 
https://agenciasbanco.com.br/agencias/sp/bertioga/jd-paulista/banco-hsbc/1804/;HSBC Agência 1804 
https://agenciasbanco.com.br/agencias/sp/buritama/centro/banco-do-brasil/1676/;Banco do Brasil Agência 1676 
https://agenciasbanco.com.br/agencias/sp/bertioga/jd-paulista/banco-do-brasil/3970/;Banco do Brasil Agência 3970 
https://agenciasbanco.com.br/agencias/sp/bertioga/centro/caixa-economica-federal/2728/;Caixa Econômica Federal Agência 2728 
https://agenciasbanco.com.br/agencias/sp/birigui/vila-pontes/itau-unibanco/8540/;Itaú Unibanco Agência 8540 
https://agenciasbanco.com.br/agencias/sp/birigui/jd-alto-do-silvares/banco-santander/4557/;Banco Santander Agência 4557 
https://agenciasbanco.com.br/agencias/sp/buritama/centro/banco-do-brasil/6740/;Banco do Brasil Agência 6740 
https://agenciasbanco.com.br/agencias/sp/boa-esperanca-do-sul/centro/banco-bradesco/2531/;Banco Bradesco Agência 2531 
https://agenciasbanco.com.br/agencias/sp/boa-esperanca-do-sul/centro/caixa-economica-federal/1929/;Caixa Econômica Federal Agência 1929 
https://agenciasbanco.com.br/agencias/pr/medianeira/centro/itau-unibanco/2907/;Itaú Unibanco Agência 2907 
https://agenciasbanco.com.br/agencias/sp/bertioga/centro/banco-santander/0712/;Banco Santander Agência 0712 
https://agenciasbanco.com.br/agencias/sp/boa-esperanca-do-sul/centro/banco-santander/0326/;Banco Santander Agência 0326 
https://agenciasbanco.com.br/agencias/pr/medianeira/centro/banco-do-brasil/0735/;Banco do Brasil Agência 0735 
https://agenciasbanco.com.br/agencias/pr/missal/centro/banco-bradesco/5844/;Banco Bradesco Agência 5844 
https://agenciasbanco.com.br/agencias/pr/moreira-sales/centro/banco-bradesco/5845/;Banco Bradesco Agência 5845 
https://agenciasbanco.com.br/agencias/sp/cabreuva/distrito-do-jacare/caixa-economica-federal/3601/;Caixa Econômica Federal Agência 3601 
https://agenciasbanco.com.br/agencias/sp/buritama/centro/banco-bradesco/2112/;Banco Bradesco Agência 2112 
https://agenciasbanco.com.br/agencias/sp/bocaina/centro/banco-do-brasil/6670/;Banco do Brasil Agência 6670 
https://agenciasbanco.com.br/agencias/sp/birigui/jardim-perola/caixa-economica-federal/3502/;Caixa Econômica Federal Agência 3502 
https://agenciasbanco.com.br/agencias/sp/cabreuva/distr-jacare/banco-do-brasil/4303/;Banco do Brasil Agência 4303 
https://agenciasbanco.com.br/agencias/sp/cabreuva/centro/banco-do-brasil/6755/;Banco do Brasil Agência 6755 
https://agenciasbanco.com.br/agencias/sp/cabreuva/centro/banco-santander/0846/;Banco Santander Agência 0846 
https://agenciasbanco.com.br/agencias/sp/buritizal/centro/banco-santander/0518/;Banco Santander Agência 0518 
https://agenciasbanco.com.br/agencias/sp/cabralia-paulista/centro/banco-do-brasil/6723/;Banco do Brasil Agência 6723 
https://agenciasbanco.com.br/agencias/sp/cabreuva/centro/banco-santander/0519/;Banco Santander Agência 0519 
https://agenciasbanco.com.br/agencias/sp/cabreuva/jacare/banco-bradesco/0158/;Banco Bradesco Agência 0158 
https://agenciasbanco.com.br/agencias/sp/cabreuva/jacare/itau-unibanco/7883/;Itaú Unibanco Agência 7883 
https://agenciasbanco.com.br/agencias/mg/paraopeba/centro/banco-bradesco/6559/;Banco Bradesco Agência 6559 
https://agenciasbanco.com.br/agencias/mg/paraopeba/centro/banco-do-brasil/2404/;Banco do Brasil Agência 2404 
https://agenciasbanco.com.br/agencias/mg/paraopeba/centro/itau-unibanco/4257/;Itaú Unibanco Agência 4257 
https://agenciasbanco.com.br/agencias/pr/maringa/zona-10/nova-futura-corretora/0000/;Nova Futura Agência 0000 
https://agenciasbanco.com.br/agencias/pr/maringa/vila-morangueira/banco-bradesco/3294/;Banco Bradesco Agência 3294 
https://agenciasbanco.com.br/agencias/sp/cardoso/centro/banco-do-brasil/6784/;Banco do Brasil Agência 6784 
https://agenciasbanco.com.br/agencias/pr/maringa/zona-2/banco-santander/1511/;Banco Santander Agência 1511 
https://agenciasbanco.com.br/agencias/mg/paraisopolis/centro/itau-unibanco/8029/;Itaú Unibanco Agência 8029 
https://agenciasbanco.com.br/agencias/pr/maringa/zona-6/banco-bradesco/2460/;Banco Bradesco Agência 2460 
https://agenciasbanco.com.br/agencias/mg/paraisopolis/centro/banco-hsbc/2399/;HSBC Agência 2399 
https://agenciasbanco.com.br/agencias/mg/paraguacu/centro/banco-bradesco/2525/;Banco Bradesco Agência 2525 
https://agenciasbanco.com.br/agencias/mg/paraisopolis/centro/banco-bradesco/6552/;Banco Bradesco Agência 6552 
https://agenciasbanco.com.br/agencias/sp/cardoso/centro/banco-do-brasil/0841/;Banco do Brasil Agência 0841 
https://agenciasbanco.com.br/agencias/pr/maringa/zona-seis/banco-do-brasil/1187/;Banco do Brasil Agência 1187 
https://agenciasbanco.com.br/agencias/mg/paraguacu/centro/itau-unibanco/4227/;Itaú Unibanco Agência 4227 
https://agenciasbanco.com.br/agencias/mg/paraisopolis/centro/banco-do-brasil/2397/;Banco do Brasil Agência 2397 
https://agenciasbanco.com.br/agencias/mg/paraguacu/centro/caixa-economica-federal/0139/;Caixa Econômica Federal Agência 0139 
https://agenciasbanco.com.br/agencias/mg/paraisopolis/centro/caixa-economica-federal/1699/;Caixa Econômica Federal Agência 1699 
https://agenciasbanco.com.br/agencias/sp/caieiras/jardim-santo-antonio/itau-unibanco/9105/;Itaú Unibanco Agência 9105 
https://agenciasbanco.com.br/agencias/sp/caieiras/centro/banco-do-brasil/1700/;Banco do Brasil Agência 1700 
https://agenciasbanco.com.br/agencias/sp/caieiras/jardim-santo-antonio/itau-unibanco/5199/;Itaú Unibanco Agência 5199 
https://agenciasbanco.com.br/agencias/sp/caieiras/centro/banco-santander/0821/;Banco Santander Agência 0821 
https://agenciasbanco.com.br/agencias/pr/maringa/vila-operaria/itau-unibanco/3739/;Itaú Unibanco Agência 3739 
https://agenciasbanco.com.br/agencias/sp/casa-branca/centro/banco-santander/0063/;Banco Santander Agência 0063 
https://agenciasbanco.com.br/agencias/pr/maringa/zona-7/itau-unibanco/5349/;Itaú Unibanco Agência 5349 
https://agenciasbanco.com.br/agencias/sp/casa-branca/centro/banco-do-brasil/6539/;Banco do Brasil Agência 6539 
https://agenciasbanco.com.br/agencias/sp/casa-branca/centro/banco-santander/3765/;Banco Santander Agência 3765 
https://agenciasbanco.com.br/agencias/pr/maringa/zona-03/caixa-economica-federal/1671/;Caixa Econômica Federal Agência 1671 
https://agenciasbanco.com.br/agencias/pr/maringa/zona-5/caixa-economica-federal/3123/;Caixa Econômica Federal Agência 3123 
https://agenciasbanco.com.br/agencias/pr/maringa/parque-das-grevileas/caixa-economica-federal/3531/;Caixa Econômica Federal Agência 3531 
https://agenciasbanco.com.br/agencias/pr/maringa/zona-07/caixa-economica-federal/3178/;Caixa Econômica Federal Agência 3178 
https://agenciasbanco.com.br/agencias/pr/maringa/zona-3/banco-santander/1326/;Banco Santander Agência 1326 
https://agenciasbanco.com.br/agencias/pr/maringa/zona-3/itau-unibanco/3713/;Itaú Unibanco Agência 3713 
https://agenciasbanco.com.br/agencias/pr/maringa/jardim-universitario/itau-unibanco/7878/;Itaú Unibanco Agência 7878 
https://agenciasbanco.com.br/agencias/pr/maringa/zona-07/banco-do-brasil/3512/;Banco do Brasil Agência 3512 
https://agenciasbanco.com.br/agencias/sp/capao-bonito/centro/banco-do-brasil/6592/;Banco do Brasil Agência 6592 
https://agenciasbanco.com.br/agencias/pr/maringa/parque-industrial-bandeirantes/banco-bradesco/6609/;Banco Bradesco Agência 6609 
https://agenciasbanco.com.br/agencias/sp/capao-bonito/centro/banco-do-brasil/0840/;Banco do Brasil Agência 0840 
https://agenciasbanco.com.br/agencias/sp/capao-bonito/centro/banco-santander/0208/;Banco Santander Agência 0208 
https://agenciasbanco.com.br/agencias/sp/casa-branca/centro/banco-do-brasil/0418/;Banco do Brasil Agência 0418 
https://agenciasbanco.com.br/agencias/sp/caieiras/regiao-central/caixa-economica-federal/2106/;Caixa Econômica Federal Agência 2106 
https://agenciasbanco.com.br/agencias/sp/casa-branca/centro/banco-bradesco/1661/;Banco Bradesco Agência 1661 
https://agenciasbanco.com.br/agencias/sp/caieiras/regiao-central/banco-hsbc/1387/;HSBC Agência 1387 
https://agenciasbanco.com.br/agencias/pr/maringa/vila-operaria-zona-3/banco-bradesco/0972/;Banco Bradesco Agência 0972 
https://agenciasbanco.com.br/agencias/pr/maringa/zona-01/itau-unibanco/9379/;Itaú Unibanco Agência 9379 
https://agenciasbanco.com.br/agencias/sp/capao-bonito/centro/banco-bradesco/1575/;Banco Bradesco Agência 1575 
https://agenciasbanco.com.br/agencias/pr/mandirituba/centro/banco-bradesco/5834/;Banco Bradesco Agência 5834 
https://agenciasbanco.com.br/agencias/pr/mandirituba/centro/caixa-economica-federal/4546/;Caixa Econômica Federal Agência 4546 
https://agenciasbanco.com.br/agencias/pr/maringa/zona-01/singratur-corretora/0000/;Singratur Corretora Agência 0000 
https://agenciasbanco.com.br/agencias/sp/oriente/centro/banco-bradesco/0171/;Banco Bradesco Agência 0171 
https://agenciasbanco.com.br/agencias/sp/irapua/centro/banco-do-brasil/6685/;Banco do Brasil Agência 6685 
https://agenciasbanco.com.br/agencias/df/brasilia-sobradinho/sobradinho/banco-hsbc/1593/;HSBC Agência 1593 
https://agenciasbanco.com.br/agencias/pr/maringa/zona-01/banco-santander/1773/;Banco Santander Agência 1773 
https://agenciasbanco.com.br/agencias/pr/maringa/zona-01/banco-santander/3198/;Banco Santander Agência 3198 
https://agenciasbanco.com.br/agencias/pr/maringa/zona-01/banco-santander/1147/;Banco Santander Agência 1147 
https://agenciasbanco.com.br/agencias/pr/maringa/jardim-alvorada/itau-unibanco/3344/;Itaú Unibanco Agência 3344 
https://agenciasbanco.com.br/agencias/pr/maringa/zona-01/banco-santander/2262/;Banco Santander Agência 2262 
https://agenciasbanco.com.br/agencias/pr/maringa/zona-01/banco-santander/1372/;Banco Santander Agência 1372 
https://agenciasbanco.com.br/agencias/sp/oriente/centro/banco-do-brasil/6709/;Banco do Brasil Agência 6709 
https://agenciasbanco.com.br/agencias/df/brasilia-sobradinho/sobradinho/caixa-economica-federal/0972/;Caixa Econômica Federal Agência 0972 
https://agenciasbanco.com.br/agencias/pr/maringa/zona-01/banco-santander/2148/;Banco Santander Agência 2148 
https://agenciasbanco.com.br/agencias/pr/maringa/zona-01/banco-safra/0153/;Banco Safra Agência 0153 
https://agenciasbanco.com.br/agencias/pr/maringa/jardim-alvorada/banco-bradesco/6657/;Banco Bradesco Agência 6657 
https://agenciasbanco.com.br/agencias/pr/maringa/centro/banco-santander/0163/;Banco Santander Agência 0163 
https://agenciasbanco.com.br/agencias/pr/maringa/centro/bv-financeira/0000/;BV Financeira Agência 0000 
https://agenciasbanco.com.br/agencias/pr/maringa/zona-01/banco-hsbc/0464/;HSBC Agência 0464 
https://agenciasbanco.com.br/agencias/pr/maringa/centro/banco-bradesco/1303/;Banco Bradesco Agência 1303 
https://agenciasbanco.com.br/agencias/pr/maringa/centro/banco-santander/4541/;Banco Santander Agência 4541 
https://agenciasbanco.com.br/agencias/pr/maringa/zona-01/banco-bradesco/2848/;Banco Bradesco Agência 2848 
https://agenciasbanco.com.br/agencias/pr/maringa/centro/caixa-economica-federal/1546/;Caixa Econômica Federal Agência 1546 
https://agenciasbanco.com.br/agencias/pr/maringa/vila-santa-izabel/caixa-economica-federal/3754/;Caixa Econômica Federal Agência 3754 
https://agenciasbanco.com.br/agencias/pr/maringa/centro/crefaz/0000/;Crefaz Agência 0000 
https://agenciasbanco.com.br/agencias/pr/maringa/centro/caixa-economica-federal/0395/;Caixa Econômica Federal Agência 0395 
https://agenciasbanco.com.br/agencias/pr/maringa/centro/aymore/0000/;Aymoré Agência 0000 
https://agenciasbanco.com.br/agencias/pr/maringa/centro/banco-bradesco/3509/;Banco Bradesco Agência 3509 
https://agenciasbanco.com.br/agencias/pr/maringa/vila-santa-izabel/banco-do-brasil/4668/;Banco do Brasil Agência 4668 
https://agenciasbanco.com.br/agencias/pr/maringa/centro/banco-bradesco/0069/;Banco Bradesco Agência 0069 
https://agenciasbanco.com.br/agencias/df/brasilia-sobradinho/sobradinho/brb/0168/;Banco de Brasilia Agência 0168 
https://agenciasbanco.com.br/agencias/pr/maringa/centro/caixa-economica-federal/1756/;Caixa Econômica Federal Agência 1756 
https://agenciasbanco.com.br/agencias/df/brasilia-sobradinho/sobradinho/brb/0107/;Banco de Brasilia Agência 0107 
https://agenciasbanco.com.br/agencias/df/brasilia-sobradinho/sobradinho/brb/0169/;Banco de Brasilia Agência 0169 
https://agenciasbanco.com.br/agencias/sp/iracemapolis/centro/caixa-economica-federal/1223/;Caixa Econômica Federal Agência 1223 
https://agenciasbanco.com.br/agencias/sp/iracemapolis/centro/banco-bradesco/0567/;Banco Bradesco Agência 0567 
https://agenciasbanco.com.br/agencias/sp/ipua/centro/banco-do-brasil/6791/;Banco do Brasil Agência 6791 
https://agenciasbanco.com.br/agencias/sp/ipeuna/centro/banco-do-brasil/4587/;Banco do Brasil Agência 4587 
https://agenciasbanco.com.br/agencias/sp/ipua/centro/banco-do-brasil/3156/;Banco do Brasil Agência 3156 
https://agenciasbanco.com.br/agencias/sp/ipaussu/centro/caixa-economica-federal/1898/;Caixa Econômica Federal Agência 1898 
https://agenciasbanco.com.br/agencias/sp/iracemapolis/centro/itau-unibanco/8745/;Itaú Unibanco Agência 8745 
https://agenciasbanco.com.br/agencias/df/brasilia-taguatinga/taguatinga-sul/banco-bradesco/2823/;Banco Bradesco Agência 2823 
https://agenciasbanco.com.br/agencias/sp/campinas/vila-teixeira/banco-santander/0937/;Banco Santander Agência 0937 
https://agenciasbanco.com.br/agencias/sp/ipeuna/centro/banco-bradesco/0622/;Banco Bradesco Agência 0622 
https://agenciasbanco.com.br/agencias/sp/ipero/centro/banco-bradesco/6977/;Banco Bradesco Agência 6977 
https://agenciasbanco.com.br/agencias/df/brasilia-taguatinga/taguatinga-sul/brb/0047/;Banco de Brasilia Agência 0047 
https://agenciasbanco.com.br/agencias/df/brasilia-sobradinho/sobradinho/banco-santander/0970/;Banco Santander Agência 0970 
https://agenciasbanco.com.br/agencias/sp/ipero/centro/banco-do-brasil/4567/;Banco do Brasil Agência 4567 
https://agenciasbanco.com.br/agencias/sp/ipaussu/centro/banco-bradesco/2636/;Banco Bradesco Agência 2636 
https://agenciasbanco.com.br/agencias/df/brasilia-sobradinho/sobradinho/banco-do-brasil/1226/;Banco do Brasil Agência 1226 
https://agenciasbanco.com.br/agencias/df/brasilia-taguatinga/taguatinga-sul/caixa-economica-federal/2399/;Caixa Econômica Federal Agência 2399 
https://agenciasbanco.com.br/agencias/sp/ipero/centro/banco-santander/3639/;Banco Santander Agência 3639 
https://agenciasbanco.com.br/agencias/df/brasilia-taguatinga/taguatinga-sul/banco-hsbc/2030/;HSBC Agência 2030 
https://agenciasbanco.com.br/agencias/pr/mandirituba/centro/banco-hsbc/1263/;HSBC Agência 1263 
https://agenciasbanco.com.br/agencias/pr/mandirituba/centro/banco-do-brasil/2266/;Banco do Brasil Agência 2266 
https://agenciasbanco.com.br/agencias/pr/maringa/zona-1/itau-unibanco/3837/;Itaú Unibanco Agência 3837 
https://agenciasbanco.com.br/agencias/pr/maringa/vila-santa-izabel/itau-unibanco/5348/;Itaú Unibanco Agência 5348 
https://agenciasbanco.com.br/agencias/sp/campinas/vila-nova-campinas/banco-santander/3644/;Banco Santander Agência 3644 
https://agenciasbanco.com.br/agencias/sp/campinas/vila-bourbom/banco-do-brasil/4039/;Banco do Brasil Agência 4039 
https://agenciasbanco.com.br/agencias/sp/campinas/vila-georgina/banco-bradesco/2421/;Banco Bradesco Agência 2421 
https://agenciasbanco.com.br/agencias/df/brasilia-taguatinga/areal/brb/0252/;Banco de Brasilia Agência 0252 
https://agenciasbanco.com.br/agencias/df/brasilia-sobradinho/sobradinho-ii/brb/0089/;Banco de Brasilia Agência 0089 
https://agenciasbanco.com.br/agencias/pr/marilandia-do-sul/centro/banco-do-brasil/1351/;Banco do Brasil Agência 1351 
https://agenciasbanco.com.br/agencias/df/brasilia-taguatinga/taguatinga-norte/brb/0103/;Banco de Brasilia Agência 0103 
https://agenciasbanco.com.br/agencias/df/brasilia-taguatinga/taguatinga-norte/brb/0082/;Banco de Brasilia Agência 0082 
https://agenciasbanco.com.br/agencias/df/brasilia-taguatinga/taguatinga-norte/brb/0074/;Banco de Brasilia Agência 0074 
https://agenciasbanco.com.br/agencias/df/brasilia-taguatinga/taguatinga-norte/brb/0058/;Banco de Brasilia Agência 0058 
https://agenciasbanco.com.br/agencias/df/brasilia-taguatinga/centro/banco-bradesco/1086/;Banco Bradesco Agência 1086 
https://agenciasbanco.com.br/agencias/df/brasilia-taguatinga/centro/banco-bradesco/3148/;Banco Bradesco Agência 3148 
https://agenciasbanco.com.br/agencias/df/brasilia-taguatinga/centro/banco-bradesco/0879/;Banco Bradesco Agência 0879 
https://agenciasbanco.com.br/agencias/sp/ipaussu/centro/itau-unibanco/0552/;Itaú Unibanco Agência 0552 
https://agenciasbanco.com.br/agencias/sp/ipua/centro/banco-bradesco/2082/;Banco Bradesco Agência 2082 
https://agenciasbanco.com.br/agencias/sp/ipaussu/centro/banco-do-brasil/6635/;Banco do Brasil Agência 6635 
https://agenciasbanco.com.br/agencias/df/brasilia-taguatinga/taguatinga-sul/banco-hsbc/0896/;HSBC Agência 0896 
https://agenciasbanco.com.br/agencias/sp/campinas/pq-industrial/banco-santander/3741/;Banco Santander Agência 3741 
https://agenciasbanco.com.br/agencias/pr/manoel-ribas/centro/itau-unibanco/5123/;Itaú Unibanco Agência 5123 
https://agenciasbanco.com.br/agencias/pr/maringa/centro/itau-unibanco/6667/;Itaú Unibanco Agência 6667 
https://agenciasbanco.com.br/agencias/pr/maringa/centro/itau-unibanco/3788/;Itaú Unibanco Agência 3788 
https://agenciasbanco.com.br/agencias/pr/maringa/centro/itau-unibanco/0113/;Itaú Unibanco Agência 0113 
https://agenciasbanco.com.br/agencias/df/brasilia-taguatinga/taguatinga-norte/brb/0024/;Banco de Brasilia Agência 0024 
https://agenciasbanco.com.br/agencias/df/brasilia-taguatinga/taguatinga-norte/banco-do-brasil/1235/;Banco do Brasil Agência 1235 
https://agenciasbanco.com.br/agencias/pr/manoel-ribas/centro/banco-bradesco/5836/;Banco Bradesco Agência 5836 
https://agenciasbanco.com.br/agencias/sp/campinas/vila-boa-vista/banco-bradesco/2582/;Banco Bradesco Agência 2582 
https://agenciasbanco.com.br/agencias/df/brasilia-taguatinga/taguatinga-norte/banco-santander/2132/;Banco Santander Agência 2132 
https://agenciasbanco.com.br/agencias/pr/manoel-ribas/centro/banco-do-brasil/2269/;Banco do Brasil Agência 2269 
https://agenciasbanco.com.br/agencias/df/brasilia-taguatinga/taguatinga-norte/banco-bradesco/2153/;Banco Bradesco Agência 2153 
https://agenciasbanco.com.br/agencias/df/brasilia-sobradinho/centro/banco-bradesco/1994/;Banco Bradesco Agência 1994 
https://agenciasbanco.com.br/agencias/df/brasilia-taguatinga/taguatinga-norte-taguatinga/brb/0133/;Banco de Brasilia Agência 0133 
https://agenciasbanco.com.br/agencias/pr/maringa/centro/itau-unibanco/0932/;Itaú Unibanco Agência 0932 
https://agenciasbanco.com.br/agencias/df/brasilia-taguatinga/centro/bv-financeira/0000/;BV Financeira Agência 0000 
https://agenciasbanco.com.br/agencias/df/brasilia-taguatinga/taguatinga-norte-taguatinga/brb/0237/;Banco de Brasilia Agência 0237 
https://agenciasbanco.com.br/agencias/df/brasilia-taguatinga/taguatinga-norte-taguatinga/brb/0124/;Banco de Brasilia Agência 0124 
https://agenciasbanco.com.br/agencias/df/brasilia-sobradinho/setor-comercial/itau-unibanco/1388/;Itaú Unibanco Agência 1388 
https://agenciasbanco.com.br/agencias/sp/campinas/sta-genebra/banco-do-brasil/4360/;Banco do Brasil Agência 4360 
https://agenciasbanco.com.br/agencias/pr/mariluz/centro/banco-do-brasil/4746/;Banco do Brasil Agência 4746 
https://agenciasbanco.com.br/agencias/sp/campinas/vila-itapura/caixa-economica-federal/4073/;Caixa Econômica Federal Agência 4073 
https://agenciasbanco.com.br/agencias/sp/iracemapolis/centro/banco-do-brasil/6879/;Banco do Brasil Agência 6879 
https://agenciasbanco.com.br/agencias/sp/campinas/vila-mimosa/banco-bradesco/2048/;Banco Bradesco Agência 2048 
https://agenciasbanco.com.br/agencias/df/brasilia-taguatinga/aguas-claras/banco-do-brasil/1887/;Banco do Brasil Agência 1887 
https://agenciasbanco.com.br/agencias/pr/mariluz/centro/itau-unibanco/5211/;Itaú Unibanco Agência 5211 
https://agenciasbanco.com.br/agencias/sp/iracemapolis/centro/banco-do-brasil/4565/;Banco do Brasil Agência 4565 
https://agenciasbanco.com.br/agencias/pr/maringa/capibaribe/banco-bradesco/1082/;Banco Bradesco Agência 1082 
https://agenciasbanco.com.br/agencias/pr/maringa/maringa-velho/banco-hsbc/0334/;HSBC Agência 0334 
https://agenciasbanco.com.br/agencias/sp/candido-rodrigues/centro/banco-bradesco/0733/;Banco Bradesco Agência 0733 
https://agenciasbanco.com.br/agencias/sp/casa-branca/centro/caixa-economica-federal/0905/;Caixa Econômica Federal Agência 0905 
https://agenciasbanco.com.br/agencias/sp/candido-rodrigues/centro/banco-do-brasil/6913/;Banco do Brasil Agência 6913 
https://agenciasbanco.com.br/agencias/sp/caieiras/centro/banco-bradesco/1236/;Banco Bradesco Agência 1236 
https://agenciasbanco.com.br/agencias/pr/maringa/zona-um/banco-do-brasil/4898/;Banco do Brasil Agência 4898 
https://agenciasbanco.com.br/agencias/sp/campinas/pq-das-universidades/banco-santander/4278/;Banco Santander Agência 4278 
https://agenciasbanco.com.br/agencias/sp/campinas/pq-industrial/banco-do-brasil/7018/;Banco do Brasil Agência 7018 
https://agenciasbanco.com.br/agencias/pr/maringa/zona-1/banco-bradesco/3475/;Banco Bradesco Agência 3475 
https://agenciasbanco.com.br/agencias/pr/maringa/zona-04/banco-bradesco/1440/;Banco Bradesco Agência 1440 
https://agenciasbanco.com.br/agencias/pr/mangueirinha/centro/itau-unibanco/3999/;Itaú Unibanco Agência 3999 
https://agenciasbanco.com.br/agencias/pr/maringa/zona-1/banco-hsbc/0036/;HSBC Agência 0036 
https://agenciasbanco.com.br/agencias/pr/mangueirinha/centro/banco-bradesco/5835/;Banco Bradesco Agência 5835 
https://agenciasbanco.com.br/agencias/pr/maringa/zona-02/banco-bradesco/1155/;Banco Bradesco Agência 1155 
https://agenciasbanco.com.br/agencias/pr/maringa/zona-1/banco-hsbc/1215/;HSBC Agência 1215 
https://agenciasbanco.com.br/agencias/pr/maringa/zona-04/banco-do-brasil/8053/;Banco do Brasil Agência 8053 
https://agenciasbanco.com.br/agencias/pr/mangueirinha/centro/banco-do-brasil/2267/;Banco do Brasil Agência 2267 
https://agenciasbanco.com.br/agencias/pr/marialva/centro/banco-bradesco/0059/;Banco Bradesco Agência 0059 
https://agenciasbanco.com.br/agencias/pr/marialva/centro/caixa-economica-federal/1267/;Caixa Econômica Federal Agência 1267 
https://agenciasbanco.com.br/agencias/pr/maringa/zona-02/itau-unibanco/6946/;Itaú Unibanco Agência 6946 
https://agenciasbanco.com.br/agencias/pr/marialva/centro/banco-hsbc/0376/;HSBC Agência 0376 
https://agenciasbanco.com.br/agencias/pr/marialva/centro/banco-do-brasil/2278/;Banco do Brasil Agência 2278 
https://agenciasbanco.com.br/agencias/pr/mangueirinha/centro/caixa-economica-federal/3746/;Caixa Econômica Federal Agência 3746 
https://agenciasbanco.com.br/agencias/pr/maringa/zona-02/caixa-economica-federal/3849/;Caixa Econômica Federal Agência 3849 
https://agenciasbanco.com.br/agencias/pr/maringa/zona-02/banco-do-brasil/7104/;Banco do Brasil Agência 7104 
https://agenciasbanco.com.br/agencias/pr/maringa/centro/banco-do-brasil/4768/;Banco do Brasil Agência 4768 
https://agenciasbanco.com.br/agencias/pr/maringa/centro/banco-do-brasil/0352/;Banco do Brasil Agência 0352 
https://agenciasbanco.com.br/agencias/pr/maringa/centro/banco-do-brasil/3284/;Banco do Brasil Agência 3284 
https://agenciasbanco.com.br/agencias/pr/maringa/centro/banco-do-brasil/3409/;Banco do Brasil Agência 3409 
https://agenciasbanco.com.br/agencias/pr/marialva/centro/itau-unibanco/2956/;Itaú Unibanco Agência 2956 
https://agenciasbanco.com.br/agencias/sp/campinas/pq-industrial/banco-santander/3741/;Banco Santander Agência 3741 
https://agenciasbanco.com.br/agencias/sp/campinas/santa-monica/banco-bradesco/2198/;Banco Bradesco Agência 2198 
https://agenciasbanco.com.br/agencias/sp/campinas/pq-industrial/banco-do-brasil/7018/;Banco do Brasil Agência 7018 
https://agenciasbanco.com.br/agencias/sp/campinas/souzas/itau-unibanco/1652/;Itaú Unibanco Agência 1652 
https://agenciasbanco.com.br/agencias/sp/campinas/jd-chapadao/banco-do-brasil/4259/;Banco do Brasil Agência 4259 
https://agenciasbanco.com.br/agencias/sp/campinas/jd-itatinga/banco-do-brasil/4330/;Banco do Brasil Agência 4330 
https://agenciasbanco.com.br/agencias/sp/campinas/jdim-santa-genebra/itau-unibanco/4271/;Itaú Unibanco Agência 4271 
https://agenciasbanco.com.br/agencias/sp/campinas/jd-nova-europa/banco-bradesco/2021/;Banco Bradesco Agência 2021 
https://agenciasbanco.com.br/agencias/sp/campinas/jd-do-trevo/banco-do-brasil/3553/;Banco do Brasil Agência 3553 
https://agenciasbanco.com.br/agencias/sp/campinas/jd-brasil/banco-do-brasil/3141/;Banco do Brasil Agência 3141 
https://agenciasbanco.com.br/agencias/sp/campinas/jd-santa-genebra/banco-bradesco/2983/;Banco Bradesco Agência 2983 
https://agenciasbanco.com.br/agencias/sp/campinas/jd-nova-aparecida/banco-bradesco/2450/;Banco Bradesco Agência 2450 
https://agenciasbanco.com.br/agencias/sp/campinas/parque-das-universidades/banco-santander/3949/;Banco Santander Agência 3949 
https://agenciasbanco.com.br/agencias/sp/campinas/loteamento-alphaville-campinas/banco-bradesco/6468/;Banco Bradesco Agência 6468 
https://agenciasbanco.com.br/agencias/sp/campinas/jd-londres/banco-do-brasil/4260/;Banco do Brasil Agência 4260 
https://agenciasbanco.com.br/agencias/sp/campinas/parque-valenca/banco-bradesco/1722/;Banco Bradesco Agência 1722 
https://agenciasbanco.com.br/agencias/sp/campinas/jd-madalena/votorantim-asset-management/0000/;Votorantim Asset Mgmt. Agência 0000 
https://agenciasbanco.com.br/agencias/sp/campinas/ouro-verde/banco-do-brasil/4331/;Banco do Brasil Agência 4331 
https://agenciasbanco.com.br/agencias/sp/campinas/jd-madalena/banco-votorantim/0655/;Banco Votorantim Agência 0655 
https://agenciasbanco.com.br/agencias/sp/campinas/jd-madalena/votorantim-asset-management/0000/;Votorantim Asset Mgmt. Agência 0000 
https://agenciasbanco.com.br/agencias/sp/campinas/jardim-do-lago/itau-unibanco/8382/;Itaú Unibanco Agência 8382 
https://agenciasbanco.com.br/agencias/sp/campinas/glicerio/banco-santander/2017/;Banco Santander Agência 2017 
https://agenciasbanco.com.br/agencias/sp/campinas/vila-industrial/caixa-economica-federal/4084/;Caixa Econômica Federal Agência 4084 
https://agenciasbanco.com.br/agencias/sp/campinas/jardim-do-trevo/caixa-economica-federal/2861/;Caixa Econômica Federal Agência 2861 
https://agenciasbanco.com.br/agencias/sp/campinas/jardim-do-trevo/banco-hsbc/1566/;HSBC Agência 1566 
https://agenciasbanco.com.br/agencias/sp/campinas/bairro-do-pires/caixa-economica-federal/2883/;Caixa Econômica Federal Agência 2883 
https://agenciasbanco.com.br/agencias/sp/campinas/vila-industrial/banco-santander/0770/;Banco Santander Agência 0770 
https://agenciasbanco.com.br/agencias/sp/campinas/jardim-metonopolis/itau-unibanco/7468/;Itaú Unibanco Agência 7468 
https://agenciasbanco.com.br/agencias/sp/campinas/jardom-do-lago/itau-unibanco/1419/;Itaú Unibanco Agência 1419 
https://agenciasbanco.com.br/agencias/sp/campinas/jardim-pauliceia/itau-unibanco/2934/;Itaú Unibanco Agência 2934 
https://agenciasbanco.com.br/agencias/sp/campinas/jardim-nilopolis/itau-unibanco/1565/;Itaú Unibanco Agência 1565 
https://agenciasbanco.com.br/agencias/sp/campinas/jardim-conceicao/banco-do-brasil/5115/;Banco do Brasil Agência 5115 
https://agenciasbanco.com.br/agencias/sp/campinas/jardim-ipaussurama/caixa-economica-federal/4898/;Caixa Econômica Federal Agência 4898 
https://agenciasbanco.com.br/agencias/sp/campinas/jardim-santa-genebra/caixa-economica-federal/4487/;Caixa Econômica Federal Agência 4487 
https://agenciasbanco.com.br/agencias/sp/campinas/jd-proenca/banco-santander/1579/;Banco Santander Agência 1579 
https://agenciasbanco.com.br/agencias/sp/campinas/jardim-nova-europa/caixa-economica-federal/0999/;Caixa Econômica Federal Agência 0999 
https://agenciasbanco.com.br/agencias/sp/campinas/chac-da-republica/banco-do-brasil/3551/;Banco do Brasil Agência 3551 
https://agenciasbanco.com.br/agencias/sp/campinas/vila-industrial/banco-do-brasil/6852/;Banco do Brasil Agência 6852 
https://agenciasbanco.com.br/agencias/sp/campinas/jd-paraiso/banco-do-brasil/5924/;Banco do Brasil Agência 5924 
https://agenciasbanco.com.br/agencias/sp/campinas/itapura/itau-unibanco/1370/;Itaú Unibanco Agência 1370 
https://agenciasbanco.com.br/agencias/sp/campinas/jardim-ouro-verde/banco-bradesco/6620/;Banco Bradesco Agência 6620 
https://agenciasbanco.com.br/agencias/sp/campinas/jardim-do-trevo-i/itau-unibanco/4458/;Itaú Unibanco Agência 4458 
https://agenciasbanco.com.br/agencias/sp/campinas/jardim-flamboyant/itau-unibanco/4892/;Itaú Unibanco Agência 4892 
https://agenciasbanco.com.br/agencias/sp/campinas/jd-aparecida/banco-santander/0962/;Banco Santander Agência 0962 
https://agenciasbanco.com.br/agencias/sp/campinas/jardim-proenca/banco-bradesco/2748/;Banco Bradesco Agência 2748 
https://agenciasbanco.com.br/agencias/sp/campinas/distrito-de-barao-geraldo/caixa-economica-federal/2966/;Caixa Econômica Federal Agência 2966 
https://agenciasbanco.com.br/agencias/sp/campinas/fazenda-sao-quirino/banco-abc/0004/;Banco ABC Agência 0004 
https://agenciasbanco.com.br/agencias/sp/campinas/center-santa-genebra/levycam-corretora/0007/;Levycam Corretora Agência 0007 
https://agenciasbanco.com.br/agencias/sp/campinas/jd-conceicao-sousas/banco-santander/1023/;Banco Santander Agência 1023 
https://agenciasbanco.com.br/agencias/sp/campinas/jardim-paraiso/itau-unibanco/7170/;Itaú Unibanco Agência 7170 
https://agenciasbanco.com.br/agencias/sp/campinas/chacara-sao-geraldo/banco-santander/4192/;Banco Santander Agência 4192 
https://agenciasbanco.com.br/agencias/sp/campinas/jd-pauliceia/banco-santander/0961/;Banco Santander Agência 0961 
https://agenciasbanco.com.br/agencias/sp/campinas/guanabara/banco-bradesco/1509/;Banco Bradesco Agência 1509 
https://agenciasbanco.com.br/agencias/sp/campinas/distr-de-sousas/banco-bradesco/0416/;Banco Bradesco Agência 0416 
https://agenciasbanco.com.br/agencias/sp/campinas/jardim-chapadao/itau-unibanco/8664/;Itaú Unibanco Agência 8664 
https://agenciasbanco.com.br/agencias/sp/campinas/cto-de-sousas/banco-do-brasil/6851/;Banco do Brasil Agência 6851 
https://agenciasbanco.com.br/agencias/sp/campinas/jardim-chapadao/itau-unibanco/4518/;Itaú Unibanco Agência 4518 
https://agenciasbanco.com.br/agencias/sp/campinas/nova-campinas/banco-bradesco/6628/;Banco Bradesco Agência 6628 
https://agenciasbanco.com.br/agencias/sp/campinas/nova-campinas/banco-bradesco/3151/;Banco Bradesco Agência 3151 
https://agenciasbanco.com.br/agencias/sp/campinas/jardim-chapadao/poupex/0000/;Poupex Agência 0000 
https://agenciasbanco.com.br/agencias/sp/campinas/nova-campinas/banco-bradesco/6627/;Banco Bradesco Agência 6627 
https://agenciasbanco.com.br/agencias/sp/campinas/barao-geraldo/banco-bradesco/6619/;Banco Bradesco Agência 6619 
https://agenciasbanco.com.br/agencias/sp/campinas/barao-geraldo/banco-bradesco/2297/;Banco Bradesco Agência 2297 
https://agenciasbanco.com.br/agencias/sp/campinas/taquaral/caixa-economica-federal/1604/;Caixa Econômica Federal Agência 1604 
https://agenciasbanco.com.br/agencias/sp/campinas/taquaral/banco-hsbc/0230/;HSBC Agência 0230 
https://agenciasbanco.com.br/agencias/sp/campinas/taquaral/banco-hsbc/0731/;HSBC Agência 0731 
https://agenciasbanco.com.br/agencias/sp/campinas/bonfim/caixa-economica-federal/4083/;Caixa Econômica Federal Agência 4083 
https://agenciasbanco.com.br/agencias/sp/campinas/bonfim/banco-bradesco/1608/;Banco Bradesco Agência 1608 
https://agenciasbanco.com.br/agencias/sp/campinas/bonfim/banco-bradesco/1969/;Banco Bradesco Agência 1969 
https://agenciasbanco.com.br/agencias/sp/campinas/jardim-chapadao/banco-santander/2251/;Banco Santander Agência 2251 
https://agenciasbanco.com.br/agencias/sp/campinas/jardim-chapadao/banco-santander/4378/;Banco Santander Agência 4378 
https://agenciasbanco.com.br/agencias/sp/campinas/jardim-chapadao/banco-santander/0718/;Banco Santander Agência 0718 
https://agenciasbanco.com.br/agencias/sp/campinas/jardim-chapadao/banco-santander/1067/;Banco Santander Agência 1067 
https://agenciasbanco.com.br/agencias/sp/campinas/taquaral/banco-santander/0719/;Banco Santander Agência 0719 
https://agenciasbanco.com.br/agencias/sp/campinas/jardim-chapadao/banco-santander/2023/;Banco Santander Agência 2023 
https://agenciasbanco.com.br/agencias/sp/campinas/taquaral/banco-santander/4335/;Banco Santander Agência 4335 
https://agenciasbanco.com.br/agencias/sp/campinas/taquaral/itau-unibanco/9718/;Itaú Unibanco Agência 9718 
https://agenciasbanco.com.br/agencias/sp/campinas/nova-campinas/itau-unibanco/6393/;Itaú Unibanco Agência 6393 
https://agenciasbanco.com.br/agencias/sp/campinas/barao-geraldo/itau-unibanco/6548/;Itaú Unibanco Agência 6548 
https://agenciasbanco.com.br/agencias/sp/campinas/taquaral/banco-bradesco/1397/;Banco Bradesco Agência 1397 
https://agenciasbanco.com.br/agencias/sp/campinas/barao-geraldo/banco-citibank/0082/;Banco Citibank Agência 0082 
https://agenciasbanco.com.br/agencias/sp/campinas/barao-geraldo/itau-unibanco/1619/;Itaú Unibanco Agência 1619 
https://agenciasbanco.com.br/agencias/sp/campinas/bonfim/itau-unibanco/0166/;Itaú Unibanco Agência 0166 
https://agenciasbanco.com.br/agencias/sp/campinas/nova-campinas/caixa-economica-federal/4056/;Caixa Econômica Federal Agência 4056 
https://agenciasbanco.com.br/agencias/sp/campinas/taquaral/itau-unibanco/8391/;Itaú Unibanco Agência 8391 
https://agenciasbanco.com.br/agencias/sp/campinas/jardim-chapadao/caixa-economica-federal/2908/;Caixa Econômica Federal Agência 2908 
https://agenciasbanco.com.br/agencias/sp/campinas/nova-campinas/banco-do-brasil/4053/;Banco do Brasil Agência 4053 
https://agenciasbanco.com.br/agencias/sp/campinas/nova-campinas/banco-safra/0152/;Banco Safra Agência 0152 
https://agenciasbanco.com.br/agencias/sp/campinas/nova-campinas/banco-do-brasil/3360/;Banco do Brasil Agência 3360 
https://agenciasbanco.com.br/agencias/sp/campinas/bonfim/banco-do-brasil/1227/;Banco do Brasil Agência 1227 
https://agenciasbanco.com.br/agencias/sp/campinas/bonfim/banco-santander/0781/;Banco Santander Agência 0781 
https://agenciasbanco.com.br/agencias/sp/campinas/barao-geraldo/banco-santander/0207/;Banco Santander Agência 0207 
https://agenciasbanco.com.br/agencias/sp/campinas/bonfim/banco-do-brasil/6960/;Banco do Brasil Agência 6960 
https://agenciasbanco.com.br/agencias/sp/campinas/taquaral/itau-unibanco/0670/;Itaú Unibanco Agência 0670 
https://agenciasbanco.com.br/agencias/sp/campinas/bonfim/banco-do-brasil/7057/;Banco do Brasil Agência 7057 
https://agenciasbanco.com.br/agencias/sp/campinas/jardim-chapadao/banco-bradesco/6652/;Banco Bradesco Agência 6652 
https://agenciasbanco.com.br/agencias/sp/campinas/ponte-preta/banco-do-brasil/4038/;Banco do Brasil Agência 4038 
https://agenciasbanco.com.br/agencias/sp/campinas/cambui/banco-safra/0122/;Banco Safra Agência 0122 
https://agenciasbanco.com.br/agencias/sp/campinas/cambui/financeira-alfa/0000/;Financeira Alfa Agência 0000 
https://agenciasbanco.com.br/agencias/sp/campinas/jardim-aurelia/banco-bradesco/2566/;Banco Bradesco Agência 2566 
https://agenciasbanco.com.br/agencias/sp/campinas/botafogo/itau-unibanco/4052/;Itaú Unibanco Agência 4052 
https://agenciasbanco.com.br/agencias/sp/campinas/ponte-preta/banco-bradesco/2118/;Banco Bradesco Agência 2118 
https://agenciasbanco.com.br/agencias/sp/campinas/jardim-aurelia/caixa-economica-federal/2886/;Caixa Econômica Federal Agência 2886 
https://agenciasbanco.com.br/agencias/sp/campinas/barao-geraldo/banco-do-brasil/6957/;Banco do Brasil Agência 6957 
https://agenciasbanco.com.br/agencias/sp/campinas/barao-geraldo/banco-do-brasil/4387/;Banco do Brasil Agência 4387 
https://agenciasbanco.com.br/agencias/sp/campinas/barao-geraldo/banco-do-brasil/2447/;Banco do Brasil Agência 2447 
https://agenciasbanco.com.br/agencias/sp/campinas/barao-geraldo/banco-do-brasil/1515/;Banco do Brasil Agência 1515 
https://agenciasbanco.com.br/agencias/sp/campinas/ponte-preta/caixa-economica-federal/1719/;Caixa Econômica Federal Agência 1719 
https://agenciasbanco.com.br/agencias/sp/campinas/ponte-preta/banco-santander/4191/;Banco Santander Agência 4191 
https://agenciasbanco.com.br/agencias/sp/campinas/jardim-londres/banco-bradesco/2350/;Banco Bradesco Agência 2350 
https://agenciasbanco.com.br/agencias/sp/campinas/jardim-londres/itau-unibanco/6514/;Itaú Unibanco Agência 6514 
https://agenciasbanco.com.br/agencias/sp/campinas/cidade-universitaria/banco-do-brasil/7078/;Banco do Brasil Agência 7078 
https://agenciasbanco.com.br/agencias/sp/campinas/botafogo/banco-santander/1732/;Banco Santander Agência 1732 
https://agenciasbanco.com.br/agencias/sp/campinas/cidade-universitaria/banco-santander/3910/;Banco Santander Agência 3910 
https://agenciasbanco.com.br/agencias/sp/campinas/cidade-universitaria/banco-santander/1796/;Banco Santander Agência 1796 
https://agenciasbanco.com.br/agencias/sp/campinas/vila-brandina/banco-bradesco/3180/;Banco Bradesco Agência 3180 
https://agenciasbanco.com.br/agencias/sp/campinas/botafogo/banco-bradesco/0859/;Banco Bradesco Agência 0859 
https://agenciasbanco.com.br/agencias/sp/campinas/botafogo/banco-do-brasil/8328/;Banco do Brasil Agência 8328 
https://agenciasbanco.com.br/agencias/sp/campinas/nova-campinas/china-construction-bank/0021/;China Construction Bank Agência 0021 
https://agenciasbanco.com.br/agencias/sp/campinas/chacaras-formosa/caixa-economica-federal/4089/;Caixa Econômica Federal Agência 4089 
https://agenciasbanco.com.br/agencias/sp/campinas/vila-brandina/itau-unibanco/4538/;Itaú Unibanco Agência 4538 
https://agenciasbanco.com.br/agencias/sp/campinas/vila-brandina/confidence-corretora/0000/;Confidence Corretora Agência 0000 
https://agenciasbanco.com.br/agencias/sp/campinas/ponte-preta/itau-unibanco/8652/;Itaú Unibanco Agência 8652 
https://agenciasbanco.com.br/agencias/sp/campinas/botafogo/banco-santander/4397/;Banco Santander Agência 4397 
https://agenciasbanco.com.br/agencias/sp/campinas/jardim-brasil/banco-santander/3705/;Banco Santander Agência 3705 
https://agenciasbanco.com.br/agencias/sp/campinas/cidade-universitaria/financeira-alfa/0000/;Financeira Alfa Agência 0000 
https://agenciasbanco.com.br/agencias/sp/campinas/taquaral/banco-do-brasil/2913/;Banco do Brasil Agência 2913 
https://agenciasbanco.com.br/agencias/sp/campinas/botafogo/banco-do-brasil/1849/;Banco do Brasil Agência 1849 
https://agenciasbanco.com.br/agencias/sp/campinas/nova-campinas/itau-unibanco/2976/;Itaú Unibanco Agência 2976 
https://agenciasbanco.com.br/agencias/sp/campinas/taquaral/banco-do-brasil/6937/;Banco do Brasil Agência 6937 
https://agenciasbanco.com.br/agencias/sp/campinas/botafogo/banco-santander/0632/;Banco Santander Agência 0632 
https://agenciasbanco.com.br/agencias/sp/campinas/jd-madalena/banco-votorantim/0655/;Banco Votorantim Agência 0655 
https://agenciasbanco.com.br/agencias/sp/campinas/jd-cristina/banco-bradesco/2726/;Banco Bradesco Agência 2726 
https://agenciasbanco.com.br/agencias/sp/campinas/pq-sao-quirino/banco-do-brasil/4256/;Banco do Brasil Agência 4256 
https://agenciasbanco.com.br/agencias/sp/campinas/jd-santana/banco-do-brasil/5966/;Banco do Brasil Agência 5966 
https://agenciasbanco.com.br/agencias/sp/campinas/vila-aeroporto/itau-unibanco/7160/;Itaú Unibanco Agência 7160 
https://agenciasbanco.com.br/agencias/sp/campinas/vila-marieta/caixa-economica-federal/1160/;Caixa Econômica Federal Agência 1160 
https://agenciasbanco.com.br/agencias/sp/campinas/parque-industrial/banco-bradesco/0605/;Banco Bradesco Agência 0605 
https://agenciasbanco.com.br/agencias/sp/campinas/alphaville-campinas/banco-santander/4423/;Banco Santander Agência 4423 
https://agenciasbanco.com.br/agencias/sp/campinas/nova-aparecida/banco-do-brasil/4257/;Banco do Brasil Agência 4257 
https://agenciasbanco.com.br/agencias/sp/campinas/vila-aeroporto/banco-santander/0980/;Banco Santander Agência 0980 
https://agenciasbanco.com.br/agencias/sp/campinas/vila-marieta/itau-unibanco/2919/;Itaú Unibanco Agência 2919 
https://agenciasbanco.com.br/agencias/sp/campinas/vila-nova/banco-bradesco/2820/;Banco Bradesco Agência 2820 
https://agenciasbanco.com.br/agencias/sp/campinas/sao-bernardo/banco-do-brasil/1844/;Banco do Brasil Agência 1844 
https://agenciasbanco.com.br/agencias/sp/campinas/sao-bernardo/caixa-economica-federal/4004/;Caixa Econômica Federal Agência 4004 
https://agenciasbanco.com.br/agencias/sp/campinas/jd-novo-campos-eliseos/itau-unibanco/7165/;Itaú Unibanco Agência 7165 
https://agenciasbanco.com.br/agencias/sp/campinas/jd-santana/banco-bradesco/2917/;Banco Bradesco Agência 2917 
https://agenciasbanco.com.br/agencias/sp/campinas/jardim-guanabara/itau-unibanco/6890/;Itaú Unibanco Agência 6890 
https://agenciasbanco.com.br/agencias/sp/campinas/jd-novo-campos-eliseos/banco-bradesco/0399/;Banco Bradesco Agência 0399 